{"cameraMode":{"drawMode":0,"name":"Shaded","section":"Shading Mode"},"sceneLighting":true,"audioPlay":false,"sceneViewState":{"m_AlwaysRefresh":false,"showFog":true,"showSkybox":true,"showFlares":true,"showImageEffects":true,"showParticleSystems":true,"showVisualEffectGraphs":true,"m_FxEnabled":true},"in2DMode":false,"pivot":{"x":136.00216674804688,"y":-54.30336380004883,"z":-385.43731689453127},"rotation":{"x":-0.013441819697618485,"y":-0.9811055064201355,"z":0.07311127334833145,"w":-0.1791176050901413},"size":198.31373596191407,"orthographic":false}